Institution,Location,State,Type,Nickname,Conference,Url
Abilene Christian,Abilene,Texas,Private,Wildcats,Southland,https://acusports.com/roster.aspx?roster=286&path=wsoc
Air Force,Colorado Springs,Colorado,U.S. Service Academy,Falcons,Mountain West,https://goairforcefalcons.com/roster.aspx?roster=247&path=wsoc
Akron,Akron,Ohio,Public,Zips,MAC,https://gozips.com/roster.aspx?roster=206&path=wsoc
Alabama,Tuscaloosa,Alabama,Public,Crimson Tide,SEC,https://rolltide.com/roster.aspx?roster=209&path=wsoc
Alabama A&M,Normal,Alabama,Public,Bulldogs,SWAC,https://aamusports.com/roster.aspx?path=wsoc
Alabama State,Montgomery,Alabama,Public,Hornets,SWAC,https://bamastatesports.com/roster.aspx?path=wsoc
Albany,Albany,New York,Public,Great Danes,America East,http://www.ualbanysports.com/SportSelect.dbml?DB_OEM_ID=15800&SPID=8001&SPSID=70305
Alcorn State,Lorman,Mississippi,Public,Lady Braves,SWAC,https://alcornsports.com/roster.aspx?roster=152&path=wsoc
American,Washington,District of Columbia,Private,Eagles,Patriot,http://www.aueagles.com/sports/w-soccer/2018-19/roster
Appalachian State,Boone,North Carolina,Public,Mountaineers,Sun Belt,https://appstatesports.com/roster.aspx?roster=216&path=wsoc
Arizona,Tucson,Arizona,Public,Wildcats,Pac-12,https://arizonawildcats.com/roster.aspx?roster=3271&path=wsoc
Arizona State,Tempe,Arizona,Public,Sun Devils,Pac-12,https://thesundevils.com/roster.aspx?roster=1186&path=wsoc
Arkansas,Fayetteville,Arkansas,Public,Razorbacks,SEC,http://www.arkansasrazorbacks.com/sport/w-soccer/roster/
Arkansas State,Jonesboro,Arkansas,Public,Red Wolves,Sun Belt,http://www.astateredwolves.com/SportSelect.dbml?DB_OEM_ID=7200&SPID=2748&SPSID=35082
Arkansas-Pine Bluff,Pine Bluff,Arkansas,Public,Golden Lady Lions,SWAC,https://uapblionsroar.com/roster.aspx?roster=174
Army,West Point,New York,U.S. Service Academy,Black Knights,Patriot,https://goarmywestpoint.com/roster.aspx?path=wsoc
Auburn,Auburn,Alabama,Public,Tigers,SEC,https://auburntigers.com/roster.aspx?roster=178&path=wsoc
Austin Peay,Clarksville,Tennessee,Public,Lady Govs,Ohio Valley,https://www.letsgopeay.com/roster.aspx?path=wsoc
Ball State,Muncie,Indiana,Public,Cardinals,MAC,https://ballstatesports.com/roster.aspx?roster=330&path=soc
Baylor,Waco,Texas,Private,Bears,Big 12,https://baylorbears.com/roster.aspx?roster=186&path=wsoc
Belmont,Nashville,Tennessee,Private,Bruins,Ohio Valley,https://www.belmontbruins.com/sports/w-soccer/2018-19/roster
Binghamton,Binghamton,New York,Public,Bearcats,America East,https://bubearcats.com/roster.aspx?roster=567&path=wsoc
Boise State,Boise,Idaho,Public,Broncos,Mountain West,https://broncosports.com/roster.aspx?roster=192&path=wsoc
Boston College,Chestnut Hill,Massachusetts,Private,Eagles,ACC,https://bceagles.com/roster.aspx?roster=386&path=wsoc
Boston University,Boston,Massachusetts,Private,Terriers,Patriot,https://goterriers.com/roster.aspx?roster=2346&path=wsoc
Bowling Green,Bowling Green,Ohio,Public,Falcons,MAC,https://bgsufalcons.com/roster.aspx?roster=252&path=wsoc
Brown,Providence,Rhode Island,Private,Bears,Ivy League,https://brownbears.com/roster.aspx?roster=318&path=wsoc
Bryant,Smithfield,Rhode Island,Private,Bulldogs,Northeast,https://www.bryantbulldogs.com/sports/wsoc/2018-19/roster
Bucknell,Lewisburg,Pennsylvania,Private,Bison,Patriot,https://bucknellbison.com/roster.aspx?roster=155&path=wsoc
Buffalo,Buffalo,New York,Public,Bulls,MAC,http://www.ubbulls.com/sports/wsoc/2018-19/roster
Butler,Indianapolis,Indiana,Private,Bulldogs,Big East,https://butlersports.com/roster.aspx?path=wsoc
BYU,Provo,Utah,Private,Cougars,West Coast,https://byucougars.com/roster/w-soccer/
Cal Poly,San Luis Obispo,California,Public,Mustangs,Big West,https://www.gopoly.com/sports/wsoc/2018-19/roster
Cal State Bakersfield,Bakersfield,California,Public,Roadrunners,WAC,https://gorunners.com/roster.aspx?roster=214&path=wsoc
Cal State Fullerton,Fullerton,California,Public,Titans,Big West,http://www.fullertontitans.com/sports/w-soccer/2018-19/roster
Cal State Northridge,Northridge,California,Public,Matadors,Big West,https://gomatadors.com/roster.aspx?path=wsoc
California,Berkeley,California,Public,Golden Bears,Pac-12,https://calbears.com/roster.aspx?roster=1388&path=wsoc
Campbell,Buies Creek,North Carolina,Private,Camels,Big South,https://gocamels.com/roster.aspx?roster=296&path=wsoc
Canisius,Buffalo,New York,Private,Golden Griffins,Metro Atlantic,https://gogriffs.com/roster.aspx?roster=247&path=wsoc
Central Arkansas,Conway,Arkansas,Public,Sugar Bears,Southland,https://ucasports.com/roster.aspx?path=wsoc
Central Connecticut,New Britain,Connecticut,Public,Blue Devils,Northeast,http://www.ccsubluedevils.com/sports/wsoc/2018-19/roster
Central Michigan,Mount Pleasant,Michigan,Public,Chippewas,MAC,https://cmuchippewas.com/roster.aspx?roster=67&path=wsoc
Charleston,Charleston,South Carolina,Public,Cougars,CAA,https://ucgoldeneagles.com/roster.aspx?path=wsoc
Charleston Southern,North Charleston,South Carolina,Private,Buccaneers,Big South,http://www.csusports.com/sports/wsoc/2018-19/roster
Charlotte,Charlotte,North Carolina,Public,49ers,Conference USA,https://queensathletics.com/roster.aspx?path=wsoc
Chattanooga,Chattanooga,Tennessee,Public,Mocs,Southern,https://gomocs.com/roster.aspx?path=wsoc
Chicago State,Chicago,Illinois,Public,Cougars,WAC,https://www.gocsucougars.com/roster.aspx?path=wsoc
Cincinnati,Cincinnati,Ohio,Public,Bearcats,American,https://gobearcats.com/roster.aspx?roster=173&path=wsoc
Clemson,Clemson,South Carolina,Public,Tigers,ACC,https://www.nmnathletics.com/SportSelect.dbml?DB_LANG=C&DB_OEM_ID=28500&SPID=103702&SPSID=657783
Cleveland State,Cleveland,Ohio,Public,Vikings,Horizon,http://www.csuvikings.com/sports/w-soccer/2018-19/roster
Coastal Carolina,Conway,South Carolina,Public,Chanticleers,Sun Belt,https://goccusports.com/roster.aspx?roster=230
Colgate,Hamilton,New York,Private,Raiders,Patriot,https://gocolgateraiders.com/roster.aspx?roster=399&path=wsoc
Colorado,Boulder,Colorado,Public,Buffaloes,Pac-12,https://cubuffs.com/roster.aspx?roster=439&path=wsoc
Colorado College,Colorado Springs,Colorado,Private,Tigers,Mountain West,https://cctigers.com/roster.aspx?roster=213&path=wsoc
Colorado State,Fort Collins,Colorado,Public,Rams,Mountain West,https://csurams.com/roster.aspx?roster=150
Columbia,New York City,New York,Private,Lions,Ivy League,https://gocolumbialions.com/roster.aspx?roster=363&path=wsoc
Connecticut,Storrs,Connecticut,Public,Huskies,American,https://uconnhuskies.com/roster.aspx?roster=346&path=wsoc
Cornell,Ithaca,New York,Private,Big Red,Ivy League,https://cornellbigred.com/roster.aspx?path=wsoccer
Creighton,Omaha,Nebraska,Private,Bluejays,Big East,https://gocreighton.com/roster.aspx?path=wsoc
Dartmouth,Hanover,New Hampshire,Private,Big Green,Ivy League,https://dartmouthsports.com/roster.aspx?path=wsoc
Davidson,Davidson,North Carolina,Private,Wildcats,Atlantic 10,https://davidsonwildcats.com/roster.aspx?path=wsoc
Dayton,Dayton,Ohio,Private,Flyers,Atlantic 10,https://daytonflyers.com/roster.aspx?roster=287&path=wsoc
Delaware,Newark,Delaware,Private-public hybrid,Fightin' Blue Hens,CAA,https://bluehens.com/roster.aspx?roster=241&path=wsoc
Delaware State,Dover,Delaware,Public,Hornets,Independent,http://www.dsuhornets.com/SportSelect.dbml?DB_OEM_ID=12900&SPID=5799&SPSID=82317
Denver,Denver,Colorado,Private,Pioneers,Summit,https://denverpioneers.com/roster.aspx?roster=39&path=wsoc
DePaul,Chicago,Illinois,Private,Blue Demons,Big East,https://depaulbluedemons.com/roster.aspx?roster=87&path=wsoc
Detroit Mercy,Detroit,Michigan,Private,Titans,Horizon,https://detroittitans.com/roster.aspx?roster=252&path=wsoc
Drake,Des Moines,Iowa,Private,Bulldogs,Missouri Valley,https://godrakebulldogs.com/roster.aspx?path=wsoc
Drexel,Philadelphia,Pennsylvania,Private,Dragons,CAA,https://drexeldragons.com/roster.aspx?path=wsoc
Duke,Durham,North Carolina,Private,Blue Devils,ACC,http://www.goduke.com/SportSelect.dbml?DB_OEM_ID=4200&SPID=1842&SPSID=22660
Duquesne,Pittsburgh,Pennsylvania,Private,Dukes,Atlantic 10,https://goduquesne.com/roster.aspx?roster=142&path=wsoc
East Carolina,Greenville,North Carolina,Public,Pirates,American,https://ecupirates.com/roster.aspx?path=wsoc
East Tennessee State,Johnson City,Tennessee,Public,Buccaneers,Southern,http://www.etsubucs.com/wsoccer/roster/
Eastern Illinois,Charleston,Illinois,Public,Panthers,Ohio Valley,https://eiupanthers.com/roster.aspx?roster=245
Eastern Kentucky,Richmond,Kentucky,Public,Colonels,Ohio Valley,https://ekusports.com/roster.aspx?roster=290&path=wsoc
Eastern Michigan,Ypsilanti,Michigan,Public,Eagles,MAC,https://emueagles.com/roster.aspx?roster=313&path=
Eastern Washington,Cheney,Washington,Public,Eagles,Big Sky,https://goeags.com/roster.aspx?path=wsoc
Elon,Elon,North Carolina,Private,Phoenix,CAA,https://elonphoenix.com/roster.aspx?path=wsoc
Evansville,Evansville,Indiana,Private,Purple Aces,Missouri Valley,https://gopurpleaces.com/roster.aspx?roster=275&path=
Fairfield,Fairfield,Connecticut,Private,Stags,Metro Atlantic,https://fairfieldstags.com/roster.aspx?roster=169&path=wsoc
Fairleigh Dickinson,Madison,New Jersey,Private,Knights,Northeast,https://fduknights.com/roster.aspx?roster=266&path=wsoc
FIU,University Park,Florida,Public,Panthers,Conference USA,https://fiusports.com/roster.aspx?path=wsoc
Florida,Gainesville,Florida,Public,Gators,SEC,https://floridagators.com/roster.aspx?roster=450&path=soccer
Florida Atlantic,Boca Raton,Florida,Public,Owls,Conference USA,https://fausports.com/roster.aspx?roster=198&path=wsoc
Florida Gulf Coast,Fort Myers,Florida,Public,Eagles,ASUN,https://fgcuathletics.com/roster.aspx?roster=283
Florida State,Tallahassee,Florida,Public,Seminoles,ACC,https://seminoles.com/sports/soccer/roster
Fordham,New York City,New York,Private,Rams,Atlantic 10,https://fordhamsports.com/roster.aspx?roster=295&path=wsoc
Fresno State,Fresno,California,Public,Bulldogs,Mountain West,https://gobulldogs.com/roster.aspx?roster=235&path=wsoc
Furman,Greenville,South Carolina,Private,Paladins,Southern,http://www.furmanpaladins.com/sports/w-soccer/2018-19/roster
Gardner-Webb,Boilings Springs,North Carolina,Private,Runnin' Bulldogs,Big South,https://gwusports.com/roster.aspx?roster=220&path=wsoc
George Mason,Fairfax,Virginia,Public,Patriots,Atlantic 10,https://gomason.com/roster.aspx?roster=175&path=wsoc
George Washington,Washington,District of Columbia,Private,Colonials,Atlantic 10,https://gwsports.com/roster.aspx?roster=217&path=wsoc
Georgetown,Washington,District of Columbia,Private,Hoyas,Big East,https://guhoyas.com/roster.aspx?roster=296&path=wsoc
Georgia,Athens,Georgia,Public,Bulldogs,SEC,https://georgiadogs.com/roster.aspx?roster=1064&path=wsoc
Georgia Southern,Statesboro,Georgia,Public,Eagles,Sun Belt,https://gseagles.com/roster.aspx?roster=124&path=
Georgia State,Atlanta,Georgia,Public,Panthers,Sun Belt,http://www.georgiastatesports.com/SportSelect.dbml?DB_OEM_ID=12700&SPID=5657&SPSID=53542
Gonzaga,Spokane,Washington,Private,Bulldogs,West Coast,https://gozags.com/roster.aspx?roster=87&path=wsoc
Grambling State,Grambling,Louisiana,Public,Tigers,SWAC,https://gsutigers.com/roster.aspx?roster=190&path=wsoc
Grand Canyon,Phoenix,Arizona,Private,Antelopes,WAC,https://gculopes.com/roster.aspx?roster=261&path=wsoc
Green Bay,Green Bay,Wisconsin,Public,Phoenix,Horizon,https://greenbayphoenix.com/roster.aspx?roster=153&path=wsoc
Hampton,Hampton,Virginia,Private,Lady Pirates,Big South,https://hamptonpirates.com/roster.aspx?roster=195
Hartford,West Hartford,Connecticut,Private,Hawks,America East,https://www.hartfordhawks.com/roster.aspx?path=wsoc
Harvard,Cambridge,Massachusetts,Private,Crimson,Ivy League,https://www.gocrimson.com/sports/wsoc/2018-19/roster
Hawaii,Honolulu,Hawaii,Public,Rainbow Wahine,Big West,https://hawaiiathletics.com/roster.aspx?roster=647
High Point,High Point,North Carolina,Private,Panthers,Big South,https://highpointpanthers.com/roster.aspx?path=wsoc
Hofstra,Hempstead,New York,Private,Pride,CAA,https://gohofstra.com/roster.aspx?path=wsoc
Holy Cross,Worcester,Massachusetts,Private,Crusaders,Patriot,https://goholycross.com/SportSelect.dbml?DB_OEM_ID=33100&SPID=157214&SPSID=917339
Houston,Houston,Texas,Public,Cougars,American,https://uhcougars.com/roster.aspx?roster=88&path=wsoc
Houston Baptist,Houston,Texas,Private,Huskies,Southland,https://hbuhuskies.com/roster.aspx?roster=153&path=wsoc
Howard,Washington,District of Columbia,Private,Lady Bison,SWAC,https://hubison.com/roster.aspx?roster=225&path=wsoc
Idaho,Moscow,Idaho,Public,Vandals,Big Sky,https://govandals.com/roster.aspx?roster=177&path=wsoc
Idaho State,Pocatello,Idaho,Public,Bengals,Big Sky,https://isubengals.com/roster.aspx?path=wsoc
Illinois,Urbana & Champaign,Illinois,Public,Fighting Illini,Big Ten,https://illinoiscollegeathletics.com/roster.aspx?roster=176&path=wsoc
Illinois State,Normal,Illinois,Public,Redbirds,Missouri Valley,https://goredbirds.com/roster.aspx?roster=259&path=wsoc
Incarnate Word,San Antonio,Texas,Private,Cardinals,Southland,https://uiwcardinals.com/roster.aspx?roster=1227&path=wsoc
Indiana,Bloomington,Indiana,Public,Hoosiers,Big Ten,https://iuhoosiers.com/roster.aspx?roster=406&path=wsoc
Indiana State,Terre Haute,Indiana,Public,Sycamores,Missouri Valley,https://gosycamores.com/roster.aspx?roster=167&path=wsoc
Iona,New Rochelle,New York,Private,Gaels,Metro Atlantic,https://icgaels.com/roster.aspx?path=wsoc
Iowa,Iowa City,Iowa,Public,Hawkeyes,Big Ten,https://hawkeyesports.com/roster.aspx?roster=284&path=wsoc
Iowa State,Ames,Iowa,Public,Cyclones,Big 12,https://cyclones.com/roster.aspx?roster=573&path=wsoc
IUPUI,Indianapolis,Indiana,Public,Jaguars,Horizon,https://iupuijags.com/roster.aspx?roster=297&path=wsoc
Jackson State,Jackson,Mississippi,Public,Tigers,SWAC,https://gojsutigers.com/roster.aspx?roster=6&path=wsoc
Jacksonville,Jacksonville,Florida,Private,Dolphins,ASUN,http://judolphins.com/sports/wsoc/2018-19/roster
Jacksonville State,Jacksonville,Alabama,Public,Gamecocks,Ohio Valley,https://jsugamecocksports.com/roster.aspx?roster=196&path=wsoc
James Madison,Harrisonburg,Virginia,Public,Dukes,CAA,https://jmusports.com/roster.aspx?roster=1524&path=wsoc
Kansas,Lawrence,Kansas,Public,Jayhawks,Big 12,https://kuathletics.com/roster.aspx?roster=2556&path=wsoc
Kansas State,Manhattan,Kansas,Public,Wildcats,Big 12,https://www.kstatesports.com/roster.aspx?roster=1248&path=wsoc
Kennesaw State,Kennesaw & Marietta,Georgia,Public,Owls,ASUN,https://ksuowls.com/roster.aspx?roster=459&path=wsoc
Kent State,Kent,Ohio,Public,Golden Flashes,MAC,https://kentstatesports.com/roster.aspx?roster=411&path=wsoc
Kentucky,Lexington,Kentucky,Public,Wildcats,SEC,https://ukathletics.com/roster.aspx?roster=2137&path=wsoc
La Salle,Philadelphia,Pennsylvania,Private,Explorers,Atlantic 10,https://goexplorers.com/roster.aspx?roster=374&path=wsoc
Lafayette,Easton,Pennsylvania,Private,Leopards,Patriot,https://www.goleopards.com/roster.aspx?path=wsoc
Lamar,Beaumont,Texas,Public,Lady Cardinals,Southland,https://lamarcardinals.com/roster.aspx?path=wsoc
Lehigh,Bethlehem,Pennsylvania,Private,Mountain Hawks,Patriot,https://lehighsports.com/roster.aspx?roster=500&path=wsoc
Liberty,Lynchburg,Virginia,Private,Lady Flames,ASUN,https://hilltoppersports.com/roster.aspx?roster=191&path=wsoc
Lipscomb,Nashville,Tennessee,Private,Bisons,ASUN,http://www.lipscombsports.com/wsoccer/roster/
Little Rock,Little Rock,Arkansas,Public,Trojans,Sun Belt,https://lrtrojans.com/roster.aspx?path=wsoc
Long Beach State,Long Beach,California,Public,49ers,Big West,https://longbeachstate.com/roster.aspx?path=wsoc
Longwood,Farmville,Virginia,Public,Lancers,Big South,https://longwoodlancers.com/roster.aspx?roster=188&path=wsoc
Louisiana,Lafayette,Louisiana,Public,Ragin' Cajuns,Sun Belt,https://ragincajuns.com/roster.aspx?roster=275&path=wsoc
Louisiana Tech,Ruston,Louisiana,Public,Lady Techsters,Conference USA,https://latechsports.com/roster.aspx?roster=77&path=wsoc
Louisiana-Monroe,Monroe,Louisiana,Public,Warhawks,Sun Belt,https://ulmwarhawks.com/roster.aspx?roster=155&path=wsoc
Louisville,Louisville,Kentucky,Public,Cardinals,ACC,https://gocards.com/roster.aspx?roster=284&path=wsoc
Loyola Chicago,Chicago,Illinois,Private,Ramblers,Missouri Valley,https://loyolaramblers.com/roster.aspx?roster=47&path=wsoc
Loyola Maryland,Baltimore,Maryland,Private,Greyhounds,Patriot,https://loyolagreyhounds.com/roster.aspx?roster=151&path=wsoc
Loyola Marymount,Los Angeles,California,Private,Lions,West Coast,https://lmulions.com/roster.aspx?roster=275&path=wsoc
LSU,Baton Rouge,Louisiana,Public,Tigers,SEC,http://www.lsusports.net/SportSelect.dbml?DB_OEM_ID=5200&SPID=2168&SPSID=27839
Maine,Orono,Maine,Public,Black Bears,America East,https://goblackbears.com/roster.aspx?roster=154&path=wsoc
Manhattan,Riverdale,New York,Private,Lady Jaspers,Metro Atlantic,https://gojaspers.com/roster.aspx?roster=265
Marist,Poughkeepsie,New York,Private,Red Foxes,Metro Atlantic,https://goredfoxes.com/roster.aspx?roster=309&path=wsoc
Marquette,Milwaukee,Wisconsin,Private,Golden Eagles,Big East,https://gomarquette.com/roster.aspx?roster=126&path=wsoc
Marshall,Huntington,West Virginia,Public,Thundering Herd,Conference USA,https://herdzone.com/roster.aspx?roster=178&path=wsoc
Maryland,College Park,Maryland,Public,Terrapins,Big Ten,https://umterps.com/roster.aspx?roster=199&path=wsoc
McNeese State,Lake Charles,Louisiana,Public,Cowgirls,Southland,https://mcneesesports.com/roster.aspx?path=wsoc
Memphis,Memphis,Tennessee,Public,Tigers,American,https://gotigersgo.com/roster.aspx?path=wsoc
Mercer,Macon,Georiga,Private,Bears,Southern,https://mercerbears.com/roster.aspx?roster=153&path=wsoc
Miami (FL),Coral Gables,Florida,Public,Hurricanes,ACC,https://hurricanesports.com/roster.aspx?roster=362&path=wsoc
Miami (OH),Oxford,Ohio,Public,RedHawks,MAC,https://miamiredhawks.com/roster.aspx?roster=104&path=wsoc
Michigan,Ann Arbor,Michigan,Public,Wolverines,Big Ten,https://mgoblue.com/roster.aspx?roster=3584&path=wsoc
Michigan State,East Lansing,Michigan,Public,Spartans,Big Ten,https://msuspartans.com/roster.aspx?roster=204&path=wsoc
Middle Tennessee,Murfreesboro,Tennessee,Public,Blue Raiders,Conference USA,https://goblueraiders.com/roster.aspx?roster=1288
Milwaukee,Milwaukee,Wisconsin,Public,Panthers,Horizon,https://mkepanthers.com/roster.aspx?path=wsoc
Minnesota,Minneapolis & Saint Paul,Minnesota,Public,Golden Gophers,Big Ten,https://gophersports.com/roster.aspx?roster=492&path=wsoc
Mississippi State,Starkville,Mississippi,Public,Bulldogs,SEC,https://hailstate.com/roster.aspx?path=wsoc
Mississippi Valley State,Mississippi Valley State,Mississippi,Public,Devilettes,SWAC,https://mvsusports.com/roster.aspx?path=wsoc
Missouri,Columbia,Missouri,Public,Tigers,SEC,https://mutigers.com/roster.aspx?roster=254&path=wsoc
Missouri State,Springfield,Missouri,Public,Lady Bears,Missouri Valley,https://missouristatebears.com/roster.aspx?roster=197&path=wsoc
Monmouth,West Long Branch,New Jersey,Private,Hawks,Metro Atlantic,https://monmouthhawks.com/roster.aspx?roster=331&path=wsoc
Montana,Missoula,Montana,Public,Grizzlies,Big Sky,https://msubsports.com/roster.aspx?path=wsoc
Morehead State,Morehead,Kentucky,Public,Eagles,Ohio Valley,https://msueagles.com/roster.aspx?roster=176&path=wsoc
Mount St. Mary's,Emmitsburg,Maryland,Private,Mountaineers,Northeast,http://www.mountathletics.com/sports/wsoc/2018-19/roster
Murray State,Murray,Kentucky,Public,Racers,Ohio Valley,https://goracers.com/roster.aspx?path=wsoc
Navy,Annapolis,Maryland,U.S. Service Academy,Midshipmen,Patriot,https://navysports.com/roster.aspx?roster=392&path=wsoc
NC State,Raleigh,North Carolina,Public,Wolfpack,ACC,https://gopack.com/roster.aspx?roster=203
Nebraska,Lincoln,Nebraska,Public,Cornhuskers,Big Ten,http://www.huskers.com/SportSelect.dbml?DB_OEM_ID=100&SPID=26&SPSID=41
Nevada,Reno,Nevada,Public,Wolf Pack,Mountain West,https://nevadawolfpack.com/roster.aspx?roster=109&path=wsoc
New Hampshire,Durham,New Hampshire,Public,Wildcats,America East,http://www.snhupenmen.com/sports/wsoc/2018-19/roster
New Mexico,Albuquerque,New Mexico,Public,Lobos,Mountain West,https://nmhucowboys.com/roster.aspx?path=wsoc
New Mexico State,Las Cruces,New Mexico,Public,Aggies,WAC,https://nmstatesports.com/roster.aspx?path=wsoc
Niagara,Lewiston,New York,Private,Purple Eagles,Metro Atlantic,https://purpleeagles.com/roster.aspx?path=wsoc
Nicholls,Thibodaux,Louisiana,Public,Colonels,Southland,https://geauxcolonels.com/roster.aspx?roster=155
NJIT,Newark,New Jersey,Public,Highlanders,ASUN,https://www.njithighlanders.com/roster.aspx?roster=266&path=wsoc
North Carolina,Chapel Hill,North Carolina,Public,Tar Heels,ACC,https://goheels.com/roster.aspx?roster=508&path=wsoc
North Dakota,Grand Forks,North Dakota,Public,Fighting Hawks,Summit,https://fightinghawks.com/roster.aspx?roster=376&path=wsoccer
North Dakota State,Fargo,North Dakota,Public,Bison,Summit,https://gobison.com/roster.aspx?path=wsoc
North Florida,Jacksonville,Florida,Public,Ospreys,ASUN,https://unfospreys.com/roster.aspx?path=wsoc
North Texas,Denton,Texas,Public,Mean Green,Conference USA,https://meangreensports.com/roster.aspx?roster=68&path=wsoc
Northeastern,Boston,Massachusetts,Private,Huskies,CAA,https://nuhuskies.com/roster.aspx?roster=214&path=wsoc
Northern Arizona,Flagstaff,Arizona,Public,Lumberjacks,Big Sky,https://nauathletics.com/roster.aspx?roster=134&path=wsoc
Northern Colorado,Greeley,Colorado,Public,Bears,Big Sky,https://uncbears.com/roster.aspx?path=wsoc
Northern Illinois,DeKalb,Illinois,Public,Huskies,MAC,https://niuhuskies.com/roster.aspx?roster=212&path=wsoc
Northern Iowa,Cedar Falls,Iowa,Public,Panthers,Missouri Valley,https://unipanthers.com/roster.aspx?path=wsoc
Northern Kentucky,Highland Heights,Kentucky,Public,Norse,Horizon,https://nkunorse.com/roster.aspx?roster=1185&path=wsoc
Northwestern,Evanston,Illinois,Private,Wildcats,Big Ten,https://nusports.com/roster.aspx?path=wsoc
Northwestern State,Natchitoches,Louisiana,Public,Lady Demons,Southland,https://nsudemons.com/roster.aspx?path=wsoc
Notre Dame,Notre Dame,Indiana,Private,Fighting Irish,ACC,https://und.com/roster.aspx?roster=152&path=wsoc
Oakland,Rochester,Michigan,Public,Golden Grizzlies,Horizon,https://goldengrizzlies.com/roster.aspx?roster=236&path=wsoc
Ohio,Athens,Ohio,Public,Bobcats,MAC,http://ohiostatebuckeyes.com/sports/w-soccer/roster/
Ohio State,Columbus,Ohio,Public,Buckeyes,Big Ten,http://ohiostatebuckeyes.com/sports/w-soccer/roster/
Oklahoma,Norman,Oklahoma,Public,Sooners,Big 12,http://www.soonersports.com/SportSelect.dbml?DB_OEM_ID=31000&SPID=127246&SPSID=750337
Oklahoma State,Stillwater,Oklahoma,Public,Cowgirls,Big 12,https://okstate.com/roster.aspx?path=wsoc
Old Dominion,Norfolk,Virginia,Public,Lady Monarchs,Conference USA,http://www.odusports.com/SportSelect.dbml?DB_OEM_ID=31100&SPID=127314&SPSID=750439
Ole Miss,Oxford,Mississippi,Public,Rebels,SEC,https://olemisssports.com/roster.aspx?roster=38&path=wsoc
Omaha,Omaha,Nebraska,Public,Mavericks,Summit,https://omavs.com/roster.aspx?roster=1425&path=wsoc
Oral Roberts,Tulsa,Oklahoma,Private,Golden Eagles,Summit,http://www.oruathletics.com/sports/wsoc/2018-19/roster
Oregon,Eugene,Oregon,Public,Ducks,Pac-12,https://goducks.com/roster.aspx?roster=251&path=wsoc
Oregon State,Corvallis,Oregon,Public,Beavers,Pac-12,https://osubeavers.com/roster.aspx?roster=165&path=wsoc
Pacific,Stockton,California,Private,Tigers,West Coast,https://www.pacifictigers.com/sports/w-soccer/2018-19/roster
Penn,Philadelphia,Pennsylvania,Private,Quakers,Ivy League,https://pennathletics.com/roster.aspx?roster=419&path=wsoc
Penn State,State College,Pennsylvania,Public-private hybrid,Nittany Lions,Big Ten,https://gopsusports.com/roster.aspx?roster=223&path=wsoc
Pepperdine,Malibu,California,Private,Waves,West Coast,https://pepperdinewaves.com/roster.aspx?roster=122&path=wsoc
Pittsburgh,Pittsburgh,Pennsylvania,Public-private hybrid,Panthers,ACC,https://pittsburghpanthers.com/roster.aspx?roster=1211&path=wsoc
Portland,Portland,Oregon,Private,Pilots,West Coast,https://portlandpilots.com/roster.aspx?path=wsoc
Portland State,Portland,Oregon,Public,Vikings,Big Sky,https://goviks.com/roster.aspx?path=wsoc
Prairie View A&M,Prairie View,Texas,Public,Lady Panthers,SWAC,https://pvpanthers.com/roster.aspx?roster=177&path=wsoc
Presbyterian,Clinton,South Carolina,Private,Blue Hose,Big South,http://www.gobluehose.com/SportSelect.dbml?DB_OEM_ID=18100&SPID=11484&SPSID=93834
Princeton,New Jersey,New Jersey,Private,Tigers,Ivy League,https://goprincetontigers.com/roster.aspx?roster=2465&path=wsoc
Providence,Providence,Rhode Island,Private,Friars,Big East,https://friars.com/roster.aspx?roster=185&path=wsoc
Purdue,West Lafayette,Indiana,Public,Boilermakers,Big Ten,https://purduesports.com/roster.aspx?roster=207&path=wsoc
Purdue Fort Wayne,Fort Wayne,Indiana,Public,Mastodons,Summit,https://gomastodons.com/roster.aspx?roster=441&path=wsoc
Quinnipiac,Hamden,Connecticut,Private,Bobcats,Metro Atlantic,https://quinnipiacbobcats.com/roster.aspx?roster=260&path=wsoc
Radford,Radford,Virginia,Public,Highlanders,Big South,https://radfordathletics.com/roster.aspx?roster=363&path=wsoc
Rhode Island,Kingston,Rhode Island,Public,Rams,Atlantic 10,http://www.gorhody.com/sports/w-soccer/2018-19/roster
Rice,Houston,Texas,Private,Owls,Conference USA,https://riceowls.com/roster.aspx?roster=175&path=wsoc
Richmond,Richomond,Virginia,Private,Spiders,Atlantic 10,https://richmondspiders.com/roster.aspx?roster=133&path=wsoc
Rider,Lawrenceville,New Jersey,Private,Broncs,Metro Atlantic,https://gobroncs.com/roster.aspx?roster=185&path=wsoc
Robert Morris,Moon Township,Pennsylvania,Private,Colonials,Northeast,https://rmucolonials.com/roster.aspx?roster=256&path=wsoc
Rutgers,New Brunswick,New Jersey,Public,Scarlet Knights,Big Ten,https://scarletknights.com/roster.aspx?roster=2116&path=wsoc
Sacramento State,Sacramento,California,Public,Hornets,Big Sky,http://www.hornetsports.com/sports/wsoc/2018-19/roster
Sacred Heart,Fairfield,Connecticut,Private,Pioneers,Northeast,https://www.sacredheartpioneers.com/sports/w-soccer/2018-19/roster
Saint Bonaventure,Saint Bonaventure,New York,Private,Bonnies,Atlantic 10,https://gobonnies.sbu.edu/sports/w-soccer/2018-19/roster
Saint Francis (PA),Loretto,Pennsylvania,Private,Robert Morris,Northeast,https://sfuathletics.com/roster.aspx?roster=308&path=wsoc
Saint Johns,Jamaica,New York,Private,Red Storm,Big East,https://redstormsports.com/roster.aspx?path=wsoc
Saint Joseph's,Philadelphia,Pennsylvania,Private,Hawks,Atlantic 10,http://www.sjuhawks.com/SportSelect.dbml?DB_OEM_ID=31200&SPID=127346&SPSID=750537
Saint Louis,Saint Louis,Missouri,Private,Billikens,Atlantic 10,http://www.slubillikens.com/SportSelect.dbml?DB_OEM_ID=27200&SPID=95701&SPSID=640350
Saint Mary's,Moraga,California,Private,Gaels,West Coast,https://smcgaels.com/roster.aspx?roster=21&path=wsoc
Saint Peter's,Jersey City,New Jersey,Private,Peahens,Metro Atlantic,https://saintpeterspeacocks.com/roster.aspx?roster=76&path=wsoc
Sam Houston State,Huntsville,Texas,Public,Bearkats,Southland,http://www.gobearkats.com/SportSelect.dbml?DB_OEM_ID=19900&SPID=11346&SPSID=92969
Samford,Homewood,Alabama,Private,Bulldogs,Southern,https://samfordsports.com/roster.aspx?roster=206&path=wsoc
San Diego,San Diego,California,Private,Toreros,West Coast,https://usdtoreros.com/roster.aspx?roster=1235&path=wsoc
San Diego State,San Diego,California,Public,Aztecs,Mountain West,https://goaztecs.com/roster.aspx?roster=119&path=wsoc
San Francisco,San Francisco,California,Private,Dons,West Coast,https://usfdons.com/roster.aspx?roster=210&path=wsoc
San Jose State,San Jose,California,Public,Spartans,Mountain West,https://sjsuspartans.com/roster.aspx?path=wsoc
Santa Clara,Santa Clara,California,Private,Broncos,West Coast,https://www.santaclarabroncos.com/sports/w-soccer/2018-19/roster
Seattle,Seattle,Washington,Private,Redhawks,WAC,http://www.goseattleu.com/SportSelect.dbml?DB_OEM_ID=18200&SPID=10761&SPSID=89845
Seton Hall,South Orange,New Jersey,Private,Pirates,Big East,https://shupirates.com/roster.aspx?path=wsoc
Siena,Loudonville,New York,Private,Saints,Metro Atlantic,https://sienasaints.com/roster.aspx?roster=1219&path=wsoc
SIU Edwardsville,Edwardsville,Illinois,Public,Cougars,Ohio Valley,https://www.siuecougars.com/sports/w-soccer/2018-19/roster
SMU,University Park,Texas,Private,Mustangs,American,https://smumustangs.com/roster.aspx?roster=2231&path=wsoc
South Alabama,Mobile,Alabama,Public,Jaguars,Sun Belt,https://usajaguars.com/roster.aspx?path=soccr
South Carolina,Columbia,South Carolina,Public,Gamecocks,SEC,https://gamecocksonline.com/roster.aspx?roster=183&path=wsoc
South Carolina State,Orangeburg,South Carolina,Public,Lady Bulldogs,Independent,https://www.scsuathletics.com/roster.aspx?path=wsoc&roster=239&
South Dakota,Vermillion,South Dakota,Public,Coyotes,Summit,https://goyotes.com/roster.aspx?roster=332
South Dakota State,Brookings,South Dakota,Public,Jackrabbits,Summit,https://gojacks.com/roster.aspx?path=wsoc
South Florida,Tampa,Florida,Public,Bulls,American,https://gousfbulls.com/roster.aspx?roster=328&path=wsoc
Southeast Missouri State,Cape Girardeau,Missouri,Public,Redhawks,Ohio Valley,https://gosoutheast.com/roster.aspx?roster=237&path=
Southeastern Louisiana,Hammond,Louisiana,Public,Lady Lions,Southland,https://lionsports.net/roster.aspx?roster=180&path=wsoc
Southern,Baton Rouge,Louisiana,Public,Lady Jaguars,SWAC,http://www.gojagsports.com/SportSelect.dbml?DB_OEM_ID=28100&SPID=96903&SPSID=641600
Southern Miss,Hattiesburg,Mississippi,Public,Lady Eagles,Conference USA,https://southernmiss.com/roster.aspx?roster=94&path=wsoc
Southern Utah,Cedar City,Utah,Public,Thunderbirds,Big Sky,https://suutbirds.com/roster.aspx?roster=282&path=wsoc
Stanford,Palo Alto,California,Private,Cardinal,Pac-12,https://gostanford.com/roster.aspx?roster=674&path=wsoc
Stephen F. Austin,Nacogdoches,Texas,Public,Ladyjacks,Southland,https://sfajacks.com/roster.aspx?roster=67&path=wsoc
Stetson,DeLand,Florida,Private,Hatters,ASUN,https://gohatters.com/roster.aspx?path=wsoc
Stony Brook,Stony Brook,New York,Public,Seawolves,America East,https://stonybrookathletics.com/roster.aspx?roster=206&path=wsoc
Syracuse,Syracuse,New York,Private,Orange,ACC,https://cuse.com/roster.aspx?roster=470&path=wsoccer
TCU,Fort Worth,Texas,Private,Horned Frogs,Big 12,https://gofrogs.com/roster.aspx?roster=144&path=wsoc
Temple,Philadelphia,Pennsylvania,Public-private hybrid,Owls,American,https://owlsports.com/roster.aspx?roster=329&path=wsoc
Tennessee,Knoxville,Tennessee,Public,Volunteers,SEC,https://utsports.com/roster.aspx?roster=1173&path=wsoc
Tennessee Tech,Cookeville,Tennessee,Public,Golden Eagles,Ohio Valley,http://www.ttusports.com/sports/wsoc/2018-19/roster
Texas,Austin,Texas,Public,Longhorns,Big 12,https://texassports.com/roster.aspx?roster=308&path=wsoc
Texas A&M,College Station,Texas,Public,Aggies,SEC,https://12thman.com/roster.aspx?roster=173&path=wsoc
Texas A&M Corpus,Corpus Christi,Texas,Public,Islanders,Southland,https://goislanders.com/roster.aspx?path=wsoc
Texas Southern,Houston,Texas,Public,Lady Tigers,SWAC,https://tsusports.com/roster.aspx?path=wsoc
Texas State,San Marcos,Texas,Public,Bobcats,Sun Belt,https://txstatebobcats.com/roster.aspx?roster=239&path=wsoc
Texas Tech,Lubbock,Texas,Public,Red Raiders,Big 12,https://texastech.com/roster.aspx?roster=170
The Citadel,Charleston,South Carolina,Public,Bulldogs,Southern,https://citadelsports.com/roster.aspx?path=wsoc
Toledo,Toledo,Ohio,Public,Rockets,MAC,https://utrockets.com/roster.aspx?roster=222&path=wsoc
Towson,Towson,Maryland,Public,Tigers,CAA,https://towsontigers.com/roster.aspx?roster=314&path=wsoc
Troy,Troy,Alabama,Public,Trojans,Sun Belt,https://troytrojans.com/roster.aspx?roster=280&path=wsoc
Tulsa,Tulsa,Oklahoma,Private,Golden Hurricane,American,https://tulsahurricane.com/roster.aspx?roster=1254&path=wsoc
UAB,Birmingham,Alabama,Public,Blazers,Conference USA,https://uabsports.com/roster.aspx?roster=2222&path=wsoc
UC Davis,Davis,California,Public,Aggies,Big West,https://ucdavisaggies.com/roster.aspx?roster=118&path=wsoc
UC Irvine,Irvine,California,Public,Anteaters,Big West,https://ucirvinesports.com/roster.aspx?path=wsoc
UC Riverside,Riverside,California,Public,Highlanders,Big West,https://gohighlanders.com/roster.aspx?path=wsoc
UC Santa Barbara,Santa Barbara,California,Public,Gauchos,Big West,http://www.ucsbgauchos.com/sports/w-soccer/2018-19/roster
UCF,Orlando,Florida,Public,Knights,American,http://ucfknights.com/SportSelect.dbml?DB_OEM_ID=34100&SPID=181614&SPSID=1115440
UCLA,Los Angeles,California,Public,Bruins,Pac-12,https://uclabruins.com/roster.aspx?roster=2207&path=wsoc
UIC,Chicago,Illinois,Public,Flames,Horizon,https://uicflames.com/roster.aspx?roster=1201&path=wsoc
UMass,Amherst,Massachusetts,Public,Minutewomen,Atlantic 10,https://umassathletics.com/roster.aspx?roster=275
UMass Lowell,Lowell,Massachusetts,Public,River Hawks,America East,https://goriverhawks.com/roster.aspx?roster=213&path=wsoc
UMBC,Catonsville,Maryland,Public,Retrievers,America East,http://umbcretrievers.com/sports/wsoc/2018-19/roster
UMKC,Kansas City,Missouri,Public,Kangaroos,WAC,http://www.umkckangaroos.com/SportSelect.dbml?DB_OEM_ID=18300&SPID=12749&SPSID=104113
UNC Asheville,Asheville,North Carolina,Public,Bulldogs,Big South,https://uncabulldogs.com/roster.aspx?path=wsoc
UNC Greensboro,Greensboro,North Carolina,Public,Spartans,Southern,http://www.uncgspartans.com/SportSelect.dbml?DB_OEM_ID=32200&SPID=137646&SPSID=810434
UNC Wilmington,Wilmington,North Carolina,Public,Seahawks,CAA,https://uncwsports.com/roster.aspx?roster=221&path=wsoc
UNLV,Las Vegas,Nevada,Public,Rebels,Mountain West,https://unlvrebels.com/roster.aspx?roster=319&path=wsoc
USC,Los Angeles,California,Private,Trojans,Pac-12,https://usctrojans.com/roster.aspx?roster=260&path=wsoc
USC Upstate,Spartanburg,South Carolina,Public,Spartans,Big South,https://www.upstatespartans.com/sports/w-soccer/2018-19/roster
UT Martin,Martin,Tennessee,Public,Skyhawks,Ohio Valley,https://utmsports.com/roster.aspx?roster=28
Utah,Salt Lake City,Utah,Public,Utes,Pac-12,https://utahutes.com/roster.aspx?roster=213&path=wsoc
Utah State,Logan,Utah,Public,Aggies,Mountain West,https://utahstateaggies.com/roster.aspx?roster=59&path=wsoc
Utah Valley,Orem,Utah,Public,Wolverines,WAC,https://gouvu.com/roster.aspx?path=wsoc
UTEP,El Paso,Texas,Public,Miners,Conference USA,https://utepathletics.com/roster.aspx?roster=1131&path=wsoc
UTRGV,Edinburg,Texas,Public,Vaqueros,WAC,https://goutrgv.com/roster.aspx?path=wsoc
UTSA,San Antonio,Texas,Public,Roadrunners,Conference USA,https://goutsa.com/roster.aspx?path=wsoc
Valparaiso,Valparaiso,Indiana,Private,Crusaders,Missouri Valley,http://www.valpoathletics.com/wsoccer/roster/
Vanderbilt,Nashville,Tennessee,Private,Commodores,SEC,https://vucommodores.com/roster.aspx?roster=196&path=wsoc
VCU,Richmond,Virginia,Public,Rams,Atlantic 10,http://www.vcuathletics.com/sports/wsoc/2018-19/roster
Vermont,Burlington,Vermont,Public,Catamounts,America East,https://uvmathletics.com/roster.aspx?roster=1169&path=wsoc
Villanova,Villanova,Pennsylvania,Private,Wildcats,Big East,https://villanova.com/roster.aspx?roster=253&path=wsoc
Virginia,Charlottesville,Virginia,Public,Cavaliers,ACC,https://virginiasports.com/roster.aspx?roster=116&path=wsoc
Virginia Tech,Blacksburg,Virginia,Public,Hokies,ACC,https://hokiesports.com/roster.aspx?roster=270&path=wsoc
VMI,Lexington,Virginia,Public,Keydets,Southern,http://www.vmikeydets.com/SportSelect.dbml?DB_OEM_ID=9800&SPID=3899&SPSID=43862
Wagner,Staten Island,New York,Private,Seahawks,Northeast,https://wagnerathletics.com/roster.aspx?path=wsoc
Wake Forest,Winston-Salem,North Carolina,Private,Demon Deacons,ACC,https://wakeforestsports.com/roster.aspx?roster=152&path=wsoc
Washington,Seattle,Washington,Public,Huskies,Pac-12,https://gohuskies.com/roster.aspx?roster=155&path=wsoc
Washington State,Pullman,Washington,Public,Cougars,Pac-12,https://wsucougars.com/roster.aspx?roster=1167&path=wsoc
Weber State,Ogden,Utah,Public,Wildcats,Big Sky,https://weberstatesports.com/roster.aspx?roster=185&path=wsoc
West Virginia,Morgantown,West Virginia,Public,Mountaineers,Big 12,https://wvusports.com/roster.aspx?roster=79&path=wsoc
Western Carolina,Cullowhee,North Carolina,Public,Catamounts,Southern,http://www.catamountsports.com/SportSelect.dbml?&DB_OEM_ID=12100&SPID=5010&SPSID=50247
Western Illinois,Macomb,Illinois,Public,Leathernecks,Summit,https://goleathernecks.com/roster.aspx?path=wsoc
Western Kentucky,Bowling Green,Kentucky,Public,Lady Toppers,Conference USA,http://wkusports.com/roster.aspx?roster=65&path=wsoc
Western Michigan,Kalamazoo,Michigan,Public,Broncos,MAC,https://wmubroncos.com/roster.aspx?roster=1212&path=wsoc
William & Mary,Williamsburg,Virginia,Public,Tribe,CAA,https://tribeathletics.com/roster.aspx?path=wsoc
Winthrop,Rock Hill,South Carolina,Public,Eagles,Big South,https://winthropeagles.com/roster.aspx?roster=257
Wisconsin,Madison,Wisconsin,Public,Badgers,Big Ten,https://uwbadgers.com/roster.aspx?roster=208&path=wsoc
Wofford,Spartanburg,South Carolina,Private,Terriers,Southern,https://woffordterriers.com/roster.aspx?roster=301&path=wsoc
Wright State,Fairborn,Ohio,Public,Raiders,Horizon,https://wsuraiders.com/roster.aspx?roster=172&path=wsoc
Wyoming,Laramie,Wyoming,Public,Cowgirls,Mountain West,https://gowyo.com/roster.aspx?roster=95&path=wsoc
Xavier,Cincinnati,Ohio,Private,Musketeers,Big East,https://goxavier.com/roster.aspx?roster=2206&path=wsoc
Yale,New Haven,Connecticut,Private,Bulldogs,Ivy League,http://www.yalebulldogs.com/sports/w-soccer/2018-19/roster
Youngstown State,Youngstown,Ohio,Public,Penguins,Horizon,http://www.ysusports.com/sports/wsoc/2018-19/roster
